_id,UserIPAddress,City,CompanyName
65ab86df6920f3e00bee7943,192.158.1.11,Chennai,Company1
65ab86df6920f3e00bee7944,192.158.1.12,Bangalore,Company1
65ab86df6920f3e00bee7945,192.158.1.13,Bangalore,Company1
65ab86df6920f3e00bee7946,192.158.1.14,Chennai,Company1
65ab86df6920f3e00bee7947,192.158.1.15,Hyderabad,Company2
65ab86df6920f3e00bee7948,192.158.1.16,Hyderabad,Company2
65ab86df6920f3e00bee7949,192.158.1.17,Hyderabad,Company2
65ab86df6920f3e00bee794a,192.158.2.18,Bangalore,Company3
65ab86df6920f3e00bee794b,192.158.2.19,Bangalore,Company3
65ab86df6920f3e00bee794c,192.158.2.20,Bangalore,Company3
65ab86df6920f3e00bee794d,192.158.2.21,Bangalore,Company3
65ab86df6920f3e00bee794e,192.158.2.22,Bangalore,Company4
65ab86df6920f3e00bee794f,192.158.2.23,Bangalore,Company4
65ab86df6920f3e00bee7950,192.158.2.24,Bangalore,Company5
65ab86df6920f3e00bee7951,192.158.2.25,Bangalore,Company5
65ab86df6920f3e00bee7952,192.159.1.26,Bangalore,Company6
65ab86df6920f3e00bee7953,192.159.1.27,Hyderabad,Company6
65ab86df6920f3e00bee7954,192.159.1.28,Hyderabad,Company6
