_id,ip,city,country,longitude,latitude,customer,type,string,entry_time
65aba40fecf9f447d80589c1,192.158.1.11,Chennai,India,80.275,13.0825,Company1,SQL,select,2024-01-20T16:03:52.841Z
65aba41eecf9f447d80589c2,192.158.1.11,Chennai,India,80.275,13.0825,Company1,SQL,select,2023-01-20T16:03:52.841Z
65aba426ecf9f447d80589c3,192.158.1.11,Chennai,India,80.275,13.0825,Company1,SQL,select,2023-01-20T16:03:52.841Z
65abab43ecf9f447d80589c4,192.158.1.11,Chennai,India,80.275,13.0825,Company1,SQL,select,2023-02-20T16:03:52.841Z
65abab4aecf9f447d80589c5,192.158.1.11,Chennai,India,80.275,13.0825,Company1,SQL,select,2023-02-20T16:03:52.841Z
65ad1fe77bcdf3c5c7832732,192.158.1.13,Bangalore,India,77.5917,12.9789,Company1,SQL,select * from,2024-01-21T19:15:11.570Z
65ad203b84ac5313a7ec5b21,192.158.1.13,Bangalore,India,77.5917,12.9789,Company1,SQL,select,2024-01-21T19:16:35.658Z
65ad25c2749df74fada49a20,192.158.1.13,Bangalore,India,77.5917,12.9789,Company1,SQL,alert,2024-01-21T19:40:10.136Z
65ad25c7749df74fada49a21,192.158.1.13,Bangalore,India,77.5917,12.9789,Company1,SQL,abcd,2024-01-21T19:40:15.869Z
65ad25c9749df74fada49a22,192.158.1.13,Bangalore,India,77.5917,12.9789,Company1,SQL,abcd,2024-01-21T19:40:17.880Z
65ad25d6749df74fada49a23,192.158.1.13,Bangalore,India,77.5917,12.9789,Company1,SQL,a,2024-01-21T19:40:30.131Z
65ad2b6fda1d5a67736e7e79,192.158.1.13,Bangalore,India,77.5917,12.9789,Company1,SQL,select * from,2024-01-21T20:04:23.670Z
65ad33c76b6a26f469ab9f99,192.158.1.13,Bangalore,India,77.5917,12.9789,Company1,SQL,select * from,2024-01-21T20:39:59.291Z
65ad33e66b6a26f469ab9f9a,192.158.1.13,Bangalore,India,77.5917,12.9789,Company1,XSS,alert,2024-01-21T20:40:30.018Z
65ad38628464904f7feb4e89,192.158.1.13,Bangalore,India,77.5917,12.9789,Company1,XSS,alert,2024-01-21T20:59:38.722Z
65ad387a8464904f7feb4e8a,192.158.1.13,Bangalore,India,77.5917,12.9789,Company1,SQL,select * from,2024-01-21T21:00:02.815Z
65ae439bd10de18232ef5f68,192.158.1.13,Bangalore,India,77.5917,12.9789,Company2,SQL,select * from,2024-01-21T21:00:02.815Z
65ae443ed10de18232ef5f70,192.158.1.13,Bangalore,India,77.5917,12.9789,Company2,SQL,select * from,2024-01-21T21:00:02.815Z
